{"cameraMode":{"drawMode":0,"name":"Shaded","section":"Shading Mode"},"sceneLighting":true,"audioPlay":false,"sceneViewState":{"showFog":true,"showMaterialUpdate":false,"showSkybox":true,"showFlares":true,"showImageEffects":true,"showParticleSystems":true},"in2DMode":false,"pivot":{"x":31.805728912353517,"y":5.245902061462402,"z":-22.595457077026368},"rotation":{"x":-0.07733946293592453,"y":-0.9196613430976868,"z":0.23333698511123658,"w":-0.3070242702960968},"size":69.29072570800781,"orthographic":false}