{"cameraMode":{"drawMode":0,"name":"Shaded","section":"Shading Mode"},"sceneLighting":true,"audioPlay":false,"sceneViewState":{"showFog":true,"showMaterialUpdate":false,"showSkybox":true,"showFlares":true,"showImageEffects":true,"showParticleSystems":true},"in2DMode":false,"pivot":{"x":-0.29548293352127077,"y":0.7610033750534058,"z":1.9030675888061524},"rotation":{"x":-0.06509318202733994,"y":0.9355304837226868,"z":-0.23953281342983247,"w":-0.25186145305633547},"size":4.449065685272217,"orthographic":false}