{"cameraMode":{"drawMode":0,"name":"Shaded","section":"Shading Mode"},"sceneLighting":true,"audioPlay":false,"sceneViewState":{"showFog":true,"showMaterialUpdate":false,"showSkybox":true,"showFlares":true,"showImageEffects":true,"showParticleSystems":true},"in2DMode":false,"pivot":{"x":1.849251627922058,"y":40.64338302612305,"z":-78.16717529296875},"rotation":{"x":-0.2175663858652115,"y":-0.00239938055165112,"z":0.00038038200000301003,"w":-0.9761011600494385},"size":12.48209285736084,"orthographic":false}