{"cameraMode":{"drawMode":0,"name":"Shaded","section":"Shading Mode"},"sceneLighting":true,"audioPlay":false,"sceneViewState":{"showFog":true,"showMaterialUpdate":false,"showSkybox":true,"showFlares":true,"showImageEffects":true,"showParticleSystems":true},"in2DMode":false,"pivot":{"x":13.96615982055664,"y":-905.2409057617188,"z":0.36896973848342898},"rotation":{"x":0.4953136742115021,"y":0.5046346187591553,"z":-0.49208804965019228,"w":0.5079456567764282},"size":1361.837158203125,"orthographic":false}