{"cameraMode":{"drawMode":0,"name":"Shaded","section":"Shading Mode"},"sceneLighting":true,"audioPlay":false,"sceneViewState":{"showFog":true,"showMaterialUpdate":false,"showSkybox":true,"showFlares":true,"showImageEffects":true,"showParticleSystems":true},"in2DMode":false,"pivot":{"x":26.337791442871095,"y":459.8634948730469,"z":5.06571626663208},"rotation":{"x":0.5102248191833496,"y":0.48954057693481448,"z":-0.5144367814064026,"w":0.48529812693595889},"size":61.658023834228519,"orthographic":false}